<?xml version="1.0" encoding="UTF-8"?>
<manifest identifier="course-1763151065757" version="1.0"
          xmlns="http://www.imsproject.org/xsd/imscp_rootv1p1p2"
          xmlns:adlcp="http://www.adlnet.org/xsd/adlcp_v1p3"
          xmlns:adlseq="http://www.adlnet.org/xsd/adlseq_v1p3"
          xmlns:imsss="http://www.imsglobal.org/xsd/imsss">
  <metadata>
    <schema>ADL SCORM</schema>
    <schemaversion>1.2</schemaversion>
    <adlcp:location>metadata.xml</adlcp:location>
  </metadata>
  <organizations default="default-org">
    <organization identifier="default-org">
      <title>Patient Safety Technology: Modern Solutions for Healthcare Excellence</title>
      
      <item identifier="item-1" identifierref="item-1-resource">
        <title>Patient Safety Technology</title>
        <adlcp:masteryscore>80</adlcp:masteryscore>
      </item>
      <item identifier="item-2" identifierref="item-2-resource">
        <title>Data Analytics for Patient Safety</title>
        <adlcp:masteryscore>80</adlcp:masteryscore>
      </item>
      <item identifier="item-3" identifierref="item-3-resource">
        <title>Implementation Best Practices</title>
        <adlcp:masteryscore>80</adlcp:masteryscore>
      </item>
      <item identifier="item-4" identifierref="item-4-resource">
        <title>The Future of Patient Safety</title>
        <adlcp:masteryscore>80</adlcp:masteryscore>
      </item>
      <item identifier="item-5" identifierref="item-5-resource">
        <title>The Patient Safety Challenge</title>
        <adlcp:masteryscore>80</adlcp:masteryscore>
      </item>
      <item identifier="item-6" identifierref="item-6-resource">
        <title>Technology&apos;s Role in Patient Safety</title>
        <adlcp:masteryscore>80</adlcp:masteryscore>
      </item>
      <item identifier="item-7" identifierref="item-7-resource">
        <title>Electronic Health Records (EHR)</title>
        <adlcp:masteryscore>80</adlcp:masteryscore>
      </item>
      <item identifier="item-8" identifierref="item-8-resource">
        <title>Medication Safety Systems</title>
        <adlcp:masteryscore>80</adlcp:masteryscore>
      </item>
      <item identifier="item-9" identifierref="item-9-resource">
        <title>Patient Identification Technology</title>
        <adlcp:masteryscore>80</adlcp:masteryscore>
      </item>
      <item identifier="item-10" identifierref="item-10-resource">
        <title>Fall Prevention Technology</title>
        <adlcp:masteryscore>80</adlcp:masteryscore>
      </item>
      <item identifier="item-11" identifierref="item-11-resource">
        <title>Infection Control Monitoring</title>
        <adlcp:masteryscore>80</adlcp:masteryscore>
      </item>
      <item identifier="item-12" identifierref="item-12-resource">
        <title>Clinical Communication Systems</title>
        <adlcp:masteryscore>80</adlcp:masteryscore>
      </item>
    </organization>
  </organizations>
  <resources>
    
    <resource identifier="resource-1-resource" type="webcontent" adlcp:scormtype="sco" href="content/module-1.html">
      <file href="content/module-1.html"/>
      <file href="js/scorm-api.js"/>
      <file href="js/player.js"/>
      <file href="css/styles.css"/>
    </resource>
    <resource identifier="resource-2-resource" type="webcontent" adlcp:scormtype="sco" href="content/module-2.html">
      <file href="content/module-2.html"/>
      <file href="js/scorm-api.js"/>
      <file href="js/player.js"/>
      <file href="css/styles.css"/>
    </resource>
    <resource identifier="resource-3-resource" type="webcontent" adlcp:scormtype="sco" href="content/module-3.html">
      <file href="content/module-3.html"/>
      <file href="js/scorm-api.js"/>
      <file href="js/player.js"/>
      <file href="css/styles.css"/>
    </resource>
    <resource identifier="resource-4-resource" type="webcontent" adlcp:scormtype="sco" href="content/module-4.html">
      <file href="content/module-4.html"/>
      <file href="js/scorm-api.js"/>
      <file href="js/player.js"/>
      <file href="css/styles.css"/>
    </resource>
    <resource identifier="resource-5-resource" type="webcontent" adlcp:scormtype="sco" href="content/module-5.html">
      <file href="content/module-5.html"/>
      <file href="js/scorm-api.js"/>
      <file href="js/player.js"/>
      <file href="css/styles.css"/>
    </resource>
    <resource identifier="resource-6-resource" type="webcontent" adlcp:scormtype="sco" href="content/module-6.html">
      <file href="content/module-6.html"/>
      <file href="js/scorm-api.js"/>
      <file href="js/player.js"/>
      <file href="css/styles.css"/>
    </resource>
    <resource identifier="resource-7-resource" type="webcontent" adlcp:scormtype="sco" href="content/module-7.html">
      <file href="content/module-7.html"/>
      <file href="js/scorm-api.js"/>
      <file href="js/player.js"/>
      <file href="css/styles.css"/>
    </resource>
    <resource identifier="resource-8-resource" type="webcontent" adlcp:scormtype="sco" href="content/module-8.html">
      <file href="content/module-8.html"/>
      <file href="js/scorm-api.js"/>
      <file href="js/player.js"/>
      <file href="css/styles.css"/>
    </resource>
    <resource identifier="resource-9-resource" type="webcontent" adlcp:scormtype="sco" href="content/module-9.html">
      <file href="content/module-9.html"/>
      <file href="js/scorm-api.js"/>
      <file href="js/player.js"/>
      <file href="css/styles.css"/>
    </resource>
    <resource identifier="resource-10-resource" type="webcontent" adlcp:scormtype="sco" href="content/module-10.html">
      <file href="content/module-10.html"/>
      <file href="js/scorm-api.js"/>
      <file href="js/player.js"/>
      <file href="css/styles.css"/>
    </resource>
    <resource identifier="resource-11-resource" type="webcontent" adlcp:scormtype="sco" href="content/module-11.html">
      <file href="content/module-11.html"/>
      <file href="js/scorm-api.js"/>
      <file href="js/player.js"/>
      <file href="css/styles.css"/>
    </resource>
    <resource identifier="resource-12-resource" type="webcontent" adlcp:scormtype="sco" href="content/module-12.html">
      <file href="content/module-12.html"/>
      <file href="js/scorm-api.js"/>
      <file href="js/player.js"/>
      <file href="css/styles.css"/>
    </resource>
  </resources>
</manifest>